INSERT INTO COMMISSARIATO (PEC, NOME_COMM, CAP_COMM, VIA_COMM, CITTA_COMM)
VALUES ('ammin.comm.maddaloni.ce@pecps.poliziadistato.it','Commissariato Maddaloni - Ufficio Amministrativa',81024,'Via San Francesco 20','Maddaloni');
INSERT INTO COMMISSARIATO (PEC, NOME_COMM, CAP_COMM, VIA_COMM, CITTA_COMM)
VALUES ('ammin.comm.aversa.ce@pecps.poliziadistato.it','Commissariato Aversa - Ufficio Amministrativa e sociale',81031,'Via Mazzini 10','Aversa');
INSERT INTO COMMISSARIATO (PEC, NOME_COMM, CAP_COMM, VIA_COMM, CITTA_COMM)
VALUES ('comm.arenella.na@pecps.poliziadistato.it','Commissariato Napoli Arenella - Ufficio Amministrativa',80129,'Via Antonio Gramsci 67','Napoli');
INSERT INTO COMMISSARIATO (PEC, NOME_COMM, CAP_COMM, VIA_COMM, CITTA_COMM)
VALUES ('comm.montecalvario.na@pecps.poliziadistato.it','Commissariato Napoli Montecalvario - Ufficio Corrispondenza',80134,'Via Alcide De Gasperi 17','Napoli');
INSERT INTO COMMISSARIATO (PEC, NOME_COMM, CAP_COMM, VIA_COMM, CITTA_COMM)
VALUES ('comm.sangiuseppevesuviano.na@pecps.poliziadistato.it','Commissariato S. Giuseppe Vesuviano - Ufficio Amministrativa',80047,'Via Alcide De Gasperi 98','San Giuseppe Vesuviano');
INSERT INTO COMMISSARIATO (PEC, NOME_COMM, CAP_COMM, VIA_COMM, CITTA_COMM)
VALUES ('upgsp.sessaaurunca.ce@pecps.poliziadistato.it','Commissariato Sessa Aurunca - Ufficio Amministrativa e sociale',81037,'Via Garibaldi 42','Sessa Aurunca');
INSERT INTO COMMISSARIATO (PEC, NOME_COMM, CAP_COMM, VIA_COMM, CITTA_COMM)
VALUES ('upgsp.afragola.na@pecps.poliziadistato.it','Commissariato Afragola - Ufficio Amministrativa e sociale',80021,'Via Risorgimento 176','Afragola');
INSERT INTO COMMISSARIATO (PEC, NOME_COMM, CAP_COMM, VIA_COMM, CITTA_COMM)
VALUES ('comm.smcapuavetere.ce@pecps.poliziadistato.it','Commissariato S. Maria Capua Vetere - Ufficio RP',81055,'Via Antonio Gramsci 199','Santa Maria Capua Vetere');
INSERT INTO COMMISSARIATO (PEC, NOME_COMM, CAP_COMM, VIA_COMM, CITTA_COMM)
VALUES ('comm.decumani.na@pecps.poliziadistato.it','Commissariato Napoli Decumani - Ufficio Amministrativa',80138,'Via Verdi 126','Napoli');
INSERT INTO COMMISSARIATO (PEC, NOME_COMM, CAP_COMM, VIA_COMM, CITTA_COMM)
VALUES ('comm.vomero.na@pecps.poliziadistato.it','Commissariato Napoli Vomero - Ufficio Amministrativa',80129,'Via Antonio Gramsci 132','Napoli');
INSERT INTO COMMISSARIATO (PEC, NOME_COMM, CAP_COMM, VIA_COMM, CITTA_COMM)
VALUES ('sessaaurunca.ce@pecps.poliziadistato.it','Commissariato Sessa Aurunca - Ufficio RP',81037,'Via Manzoni 189','Sessa Aurunca');
INSERT INTO COMMISSARIATO (PEC, NOME_COMM, CAP_COMM, VIA_COMM, CITTA_COMM)
VALUES ('comm.posillipo.na@pecps.poliziadistato.it','Commissariato Napoli Posillipo - Ufficio Amministrativa',80123,'Via San Rocco 58','Napoli');
INSERT INTO COMMISSARIATO (PEC, NOME_COMM, CAP_COMM, VIA_COMM, CITTA_COMM)
VALUES ('upgsp.castelvolturno.ce@pecps.poliziadistato.it','Commissariato Castel Volturno - Ufficio Amministrativa',81030,'Via IV Novembre 29','Castel Volturno');
INSERT INTO COMMISSARIATO (PEC, NOME_COMM, CAP_COMM, VIA_COMM, CITTA_COMM)
VALUES ('ammin.comm.chiaiano.na@pecps.poliziadistato.it','Commissariato Napoli Chiaiano - Ufficio Corrispondenza',80145,'Via Garibaldi 133','Napoli');
INSERT INTO COMMISSARIATO (PEC, NOME_COMM, CAP_COMM, VIA_COMM, CITTA_COMM)
VALUES ('comm.aversa.ce@pecps.poliziadistato.it','Commissariato Aversa - Ufficio RP',81031,'Via Garibaldi 6','Aversa');

INSERT INTO PERSONA (CF,NOME,COGNOME,DATA_NASCITA,VIA,CAP,CITTA)
VALUES ('GIOALE77T07H344S','Alessandra','Giordano',to_date('07-08-1977', 'dd-mm-yyyy'),'Via Risorgimento 30',81039,'Villa Literno');
INSERT INTO PERSONA (CF,NOME,COGNOME,DATA_NASCITA,VIA,CAP,CITTA)
VALUES ('FERMAR75T10S438G','Maria','Ferrari',to_date('10-09-1975', 'dd-mm-yyyy'),'Via Suarez 151',83042,'Atripalda');
INSERT INTO PERSONA (CF,NOME,COGNOME,DATA_NASCITA,VIA,CAP,CITTA)
VALUES ('BIAALE47T17A287S','Alessandro','Bianchi',to_date('17-05-1947', 'dd-mm-yyyy'),'Via IV Novembre 146',83031,'Ariano Irpino');
INSERT INTO PERSONA (CF,NOME,COGNOME,DATA_NASCITA,VIA,CAP,CITTA)
VALUES ('BRUDAR58T17J362B','Daria','Bruno',to_date('17-04-1958', 'dd-mm-yyyy'),'Via Vittorio Veneto 110',80078,'Pozzuoli');
INSERT INTO PERSONA (CF,NOME,COGNOME,DATA_NASCITA,VIA,CAP,CITTA)
VALUES ('GREMIC62T03W605M','Michele','Greco',to_date('03-03-1962', 'dd-mm-yyyy'),'Via Vittorio Veneto 6',80129,'Napoli');
INSERT INTO PERSONA (CF,NOME,COGNOME,DATA_NASCITA,VIA,CAP,CITTA)
VALUES ('COSRAF81T14Y275B','Raffaele','Costa',to_date('14-06-1981', 'dd-mm-yyyy'),'Via John Fitzgerald Kennedy 91',84087,'Sarno');
INSERT INTO PERSONA (CF,NOME,COGNOME,DATA_NASCITA,VIA,CAP,CITTA)
VALUES ('MANGIO90T21O713H','Giovanna','Mancini',to_date('21-09-1990', 'dd-mm-yyyy'),'Via Marconi 62',80130,'Napoli');
INSERT INTO PERSONA (CF,NOME,COGNOME,DATA_NASCITA,VIA,CAP,CITTA)
VALUES ('FERRAF50T19N806L','Raffaella','Ferrari',to_date('19-06-1950', 'dd-mm-yyyy'),'Via Turati 34',80014,'Giugliano in Campania');
INSERT INTO PERSONA (CF,NOME,COGNOME,DATA_NASCITA,VIA,CAP,CITTA)
VALUES ('COLMIC56T19G873R','Michele','Colombo',to_date('19-09-1956', 'dd-mm-yyyy'),'Via Silvio Pellico 114',80121,'Napoli');
INSERT INTO PERSONA (CF,NOME,COGNOME,DATA_NASCITA,VIA,CAP,CITTA)
VALUES ('ESPMAT45T26X253G','Matteo','Esposito',to_date('26-11-1945', 'dd-mm-yyyy'),'Via Giovanni Pascoli 90',80123,'Napoli');
INSERT INTO PERSONA (CF,NOME,COGNOME,DATA_NASCITA,VIA,CAP,CITTA)
VALUES ('MANDAV88T22X221W','Davide','Mancini',to_date('22-02-1988', 'dd-mm-yyyy'),'Via Risorgimento 32',82100,'Benevento');
INSERT INTO PERSONA (CF,NOME,COGNOME,DATA_NASCITA,VIA,CAP,CITTA)
VALUES ('RIZDAR92T01I140W','Dario','Rizzo',to_date('01-03-1992', 'dd-mm-yyyy'),'Via Giovanni XXIII 173',82100,'Benevento');
INSERT INTO PERSONA (CF,NOME,COGNOME,DATA_NASCITA,VIA,CAP,CITTA)
VALUES ('ESPANT98T27N910U','Antonia','Esposito',to_date('27-11-1998', 'dd-mm-yyyy'),'Via Mazzini 109',80014,'Giugliano in Campania');
INSERT INTO PERSONA (CF,NOME,COGNOME,DATA_NASCITA,VIA,CAP,CITTA)
VALUES ('RUSGIU96T11G789P','Giuseppe','Russo',to_date('11-11-1996', 'dd-mm-yyyy'),'Via Gorizia 160',84123,'Salerno');
INSERT INTO PERSONA (CF,NOME,COGNOME,DATA_NASCITA,VIA,CAP,CITTA)
VALUES ('MORDAV84T13Y894D','Davide','Moretti',to_date('13-01-1984', 'dd-mm-yyyy'),'Via Michelangelo Buonarroti 198',80014,'Giugliano in Campania');
INSERT INTO PERSONA (CF,NOME,COGNOME,DATA_NASCITA,VIA,CAP,CITTA)
VALUES ('COLRIT47T27R716E','Rita','Colombo',to_date('27-10-1947', 'dd-mm-yyyy'),'Via Galileo Galilei 85',80141,'Napoli');
INSERT INTO PERSONA (CF,NOME,COGNOME,DATA_NASCITA,VIA,CAP,CITTA)
VALUES ('RICVIN73T25M743Z','Vincenza','Ricci',to_date('25-06-1973', 'dd-mm-yyyy'),'Via Suarez 188',80132,'Napoli');
INSERT INTO PERSONA (CF,NOME,COGNOME,DATA_NASCITA,VIA,CAP,CITTA)
VALUES ('RICGIU90T11Q817C','Giusy','Ricci',to_date('11-06-1990', 'dd-mm-yyyy'),'Via Gorizia 175',80146,'Napoli');
INSERT INTO PERSONA (CF,NOME,COGNOME,DATA_NASCITA,VIA,CAP,CITTA)
VALUES ('MORGEN51T19W207C','Gennaro','Moretti',to_date('19-05-1951', 'dd-mm-yyyy'),'Via Giovanni Pascoli 155',80128,'Napoli');
INSERT INTO PERSONA (CF,NOME,COGNOME,DATA_NASCITA,VIA,CAP,CITTA)
VALUES ('MANANT67T22C640M','Antonio','Mancini',to_date('22-05-1967', 'dd-mm-yyyy'),'Via Giuseppe Di Vittorio 80',84012,'Angri');
INSERT INTO PERSONA (CF,NOME,COGNOME,DATA_NASCITA,VIA,CAP,CITTA)
VALUES ('RUSDAR49T24G956K','Daria','Russo',to_date('24-06-1949', 'dd-mm-yyyy'),'Via Verdi 180',80141,'Napoli');
INSERT INTO PERSONA (CF,NOME,COGNOME,DATA_NASCITA,VIA,CAP,CITTA)
VALUES ('GIOVIN69T08U370X','Vincenzo','Giordano',to_date('08-09-1969', 'dd-mm-yyyy'),'Via San Rocco 12',84087,'Sarno');
INSERT INTO PERSONA (CF,NOME,COGNOME,DATA_NASCITA,VIA,CAP,CITTA)
VALUES ('ESPLUC43T13S683V','Luca','Esposito',to_date('13-05-1943', 'dd-mm-yyyy'),'Via Suarez 73',84025,'Eboli');
INSERT INTO PERSONA (CF,NOME,COGNOME,DATA_NASCITA,VIA,CAP,CITTA)
VALUES ('ROSALE42T02M761M','Alessandra','Rossi',to_date('02-02-1942', 'dd-mm-yyyy'),'Via Risorgimento 43',80078,'Pozzuoli');
INSERT INTO PERSONA (CF,NOME,COGNOME,DATA_NASCITA,VIA,CAP,CITTA)
VALUES ('BRUANT53T25M580C','Antonio','Bruno',to_date('25-03-1953', 'dd-mm-yyyy'),'Via Alcide De Gasperi 44',84121,'Salerno');
INSERT INTO PERSONA (CF,NOME,COGNOME,DATA_NASCITA,VIA,CAP,CITTA)
VALUES ('BRUGIO75T14O657N','Giovanni','Bruno',to_date('14-10-1975', 'dd-mm-yyyy'),'Via Mazzini 64',80141,'Napoli');
INSERT INTO PERSONA (CF,NOME,COGNOME,DATA_NASCITA,VIA,CAP,CITTA)
VALUES ('ESPEMA59T21N325A','Emanuele','Esposito',to_date('21-12-1959', 'dd-mm-yyyy'),'Via Alessandro Volta 118',80143,'Napoli');
INSERT INTO PERSONA (CF,NOME,COGNOME,DATA_NASCITA,VIA,CAP,CITTA)
VALUES ('GIOGIU50T16P988T','Giusy','Giordano',to_date('16-06-1950', 'dd-mm-yyyy'),'Via Giuseppe Di Vittorio 59',80131,'Napoli');
INSERT INTO PERSONA (CF,NOME,COGNOME,DATA_NASCITA,VIA,CAP,CITTA)
VALUES ('MORGIU80T29T653W','Giusy','Moretti',to_date('29-05-1980', 'dd-mm-yyyy'),'Via Armando Diaz 31',81031,'Aversa');
INSERT INTO PERSONA (CF,NOME,COGNOME,DATA_NASCITA,VIA,CAP,CITTA)
VALUES ('BIARAF65T19I265S','Raffaele','Bianchi',to_date('19-06-1965', 'dd-mm-yyyy'),'Via Don Minzoni 111',80078,'Pozzuoli');

INSERT INTO ACCESSORIO (COD_BARRE,NOME_ACC)
VALUES ('3871974424390','Tenda mimetica');
INSERT INTO ACCESSORIO (COD_BARRE,NOME_ACC)
VALUES ('6281751283501','Fondina');
INSERT INTO ACCESSORIO (COD_BARRE,NOME_ACC)
VALUES ('8154500912504','Bersaglio in cartone');
INSERT INTO ACCESSORIO (COD_BARRE,NOME_ACC)
VALUES ('4704886767070','Calciolo');
INSERT INTO ACCESSORIO (COD_BARRE,NOME_ACC)
VALUES ('7710034336755','Zaino monospalla');
INSERT INTO ACCESSORIO (COD_BARRE,NOME_ACC)
VALUES ('6800699254231','Salvapercussori');
INSERT INTO ACCESSORIO (COD_BARRE,NOME_ACC)
VALUES ('2423589099422','Cartucciera');
INSERT INTO ACCESSORIO (COD_BARRE,NOME_ACC)
VALUES ('1478303112111','Auricolari antirumore');
INSERT INTO ACCESSORIO (COD_BARRE,NOME_ACC)
VALUES ('6854828297073','Scarpone da montagna');
INSERT INTO ACCESSORIO (COD_BARRE,NOME_ACC)
VALUES ('8282825516261','Torcia frontale');
INSERT INTO ACCESSORIO (COD_BARRE,NOME_ACC)
VALUES ('9685569424324','Prolunga serbatoio');
INSERT INTO ACCESSORIO (COD_BARRE,NOME_ACC)
VALUES ('7568065022093','Bipiede');
INSERT INTO ACCESSORIO (COD_BARRE,NOME_ACC)
VALUES ('1489810280082','Tromba');
INSERT INTO ACCESSORIO (COD_BARRE,NOME_ACC)
VALUES ('8387227245007','Visore notturno');
INSERT INTO ACCESSORIO (COD_BARRE,NOME_ACC)
VALUES ('7709330155083','Serratura grilletto');

INSERT INTO FORNITORE (P_IVA_FORN,DENOMINAZIONE,TELEFONO_FORN)
VALUES ('69665439431','Fornitori Venuso SaS','3362844471');
INSERT INTO FORNITORE (P_IVA_FORN,DENOMINAZIONE,TELEFONO_FORN)
VALUES ('39455404049','Fornitori Albertazzi Srl','3736599133');
INSERT INTO FORNITORE (P_IVA_FORN,DENOMINAZIONE,TELEFONO_FORN)
VALUES ('53315073257','Fornitori Sorrentino Company','3742710919');
INSERT INTO FORNITORE (P_IVA_FORN,DENOMINAZIONE,TELEFONO_FORN)
VALUES ('94101526909','F.lli Esposito Group','3984957352');
INSERT INTO FORNITORE (P_IVA_FORN,DENOMINAZIONE,TELEFONO_FORN)
VALUES ('25999205349','Fornitori Aliperti Srl','3805362326');
INSERT INTO FORNITORE (P_IVA_FORN,DENOMINAZIONE,TELEFONO_FORN)
VALUES ('69582769765','F.lli Tascone Group','3483212328');
INSERT INTO FORNITORE (P_IVA_FORN,DENOMINAZIONE,TELEFONO_FORN)
VALUES ('39623242863','Fornitori Palmieri Srl','3871738588');
INSERT INTO FORNITORE (P_IVA_FORN,DENOMINAZIONE,TELEFONO_FORN)
VALUES ('56144570972','F.lli Sorrentino Srl','3779361353');
INSERT INTO FORNITORE (P_IVA_FORN,DENOMINAZIONE,TELEFONO_FORN)
VALUES ('82781601757','F.lli Russo Company','3605672054');
INSERT INTO FORNITORE (P_IVA_FORN,DENOMINAZIONE,TELEFONO_FORN)
VALUES ('44719950183','Fornitori Zorzi Company','3626871883');
INSERT INTO FORNITORE (P_IVA_FORN,DENOMINAZIONE,TELEFONO_FORN)
VALUES ('95083982754','F.lli Musella Company','3489478101');
INSERT INTO FORNITORE (P_IVA_FORN,DENOMINAZIONE,TELEFONO_FORN)
VALUES ('73686197765','F.lli Miele SaS','3534040434');
INSERT INTO FORNITORE (P_IVA_FORN,DENOMINAZIONE,TELEFONO_FORN)
VALUES ('88565704763','Fornitori Meloni Group','3564890291');
INSERT INTO FORNITORE (P_IVA_FORN,DENOMINAZIONE,TELEFONO_FORN)
VALUES ('96996627965','Fornitori Bellini Srl','3552218180');
INSERT INTO FORNITORE (P_IVA_FORN,DENOMINAZIONE,TELEFONO_FORN)
VALUES ('34126462298','Fornitori Zingaretti Group','3756648149');

INSERT INTO CLIENTE (NUM_PORTO_ARMI,CF_CLI,TELEFONO)
VALUES ('19521-W','GIOALE77T07H344S','3868212951');
INSERT INTO CLIENTE (NUM_PORTO_ARMI,CF_CLI,TELEFONO)
VALUES ('12471-U','FERMAR75T10S438G','3669066328');
INSERT INTO CLIENTE (NUM_PORTO_ARMI,CF_CLI,TELEFONO)
VALUES ('33733-T','BIAALE47T17A287S','3928837382');
INSERT INTO CLIENTE (NUM_PORTO_ARMI,CF_CLI,TELEFONO)
VALUES ('79117-G','BRUDAR58T17J362B','3325296980');
INSERT INTO CLIENTE (NUM_PORTO_ARMI,CF_CLI,TELEFONO)
VALUES ('93457-M','GREMIC62T03W605M','3912371372');
INSERT INTO CLIENTE (NUM_PORTO_ARMI,CF_CLI,TELEFONO)
VALUES ('41030-B','COSRAF81T14Y275B','3411763132');
INSERT INTO CLIENTE (NUM_PORTO_ARMI,CF_CLI,TELEFONO)
VALUES ('81212-E','MANGIO90T21O713H','3871620443');
INSERT INTO CLIENTE (NUM_PORTO_ARMI,CF_CLI,TELEFONO)
VALUES ('47641-U','FERRAF50T19N806L','3696478792');
INSERT INTO CLIENTE (NUM_PORTO_ARMI,CF_CLI,TELEFONO)
VALUES ('53209-F','COLMIC56T19G873R','3848097954');
INSERT INTO CLIENTE (NUM_PORTO_ARMI,CF_CLI,TELEFONO)
VALUES ('54840-I','ESPMAT45T26X253G','3564448504');
INSERT INTO CLIENTE (NUM_PORTO_ARMI,CF_CLI,TELEFONO)
VALUES ('60030-I','MANDAV88T22X221W','3987612709');
INSERT INTO CLIENTE (NUM_PORTO_ARMI,CF_CLI,TELEFONO)
VALUES ('88074-V','RIZDAR92T01I140W','3534386857');
INSERT INTO CLIENTE (NUM_PORTO_ARMI,CF_CLI,TELEFONO)
VALUES ('16122-V','ESPANT98T27N910U','3833083410');
INSERT INTO CLIENTE (NUM_PORTO_ARMI,CF_CLI,TELEFONO)
VALUES ('89697-V','RUSGIU96T11G789P','3988955695');
INSERT INTO CLIENTE (NUM_PORTO_ARMI,CF_CLI,TELEFONO)
VALUES ('45579-X','MORDAV84T13Y894D','3718070167');

INSERT INTO DIPENDENTE (NUM_TESSERINO,CF_DIP)
VALUES ('2639803714','COLRIT47T27R716E');
INSERT INTO DIPENDENTE (NUM_TESSERINO,CF_DIP)
VALUES ('5824389256','RICVIN73T25M743Z');
INSERT INTO DIPENDENTE (NUM_TESSERINO,CF_DIP)
VALUES ('1429821724','RICGIU90T11Q817C');
INSERT INTO DIPENDENTE (NUM_TESSERINO,CF_DIP)
VALUES ('2871982778','MORGEN51T19W207C');
INSERT INTO DIPENDENTE (NUM_TESSERINO,CF_DIP)
VALUES ('9428483596','MANANT67T22C640M');
INSERT INTO DIPENDENTE (NUM_TESSERINO,CF_DIP)
VALUES ('9812741586','RUSDAR49T24G956K');
INSERT INTO DIPENDENTE (NUM_TESSERINO,CF_DIP)
VALUES ('8917935379','GIOVIN69T08U370X');
INSERT INTO DIPENDENTE (NUM_TESSERINO,CF_DIP)
VALUES ('6451858361','ESPLUC43T13S683V');
INSERT INTO DIPENDENTE (NUM_TESSERINO,CF_DIP)
VALUES ('6667948233','ROSALE42T02M761M');
INSERT INTO DIPENDENTE (NUM_TESSERINO,CF_DIP)
VALUES ('9734845762','BRUANT53T25M580C');
INSERT INTO DIPENDENTE (NUM_TESSERINO,CF_DIP)
VALUES ('7718924985','BRUGIO75T14O657N');
INSERT INTO DIPENDENTE (NUM_TESSERINO,CF_DIP)
VALUES ('8181840765','ESPEMA59T21N325A');
INSERT INTO DIPENDENTE (NUM_TESSERINO,CF_DIP)
VALUES ('8251561726','GIOGIU50T16P988T');
INSERT INTO DIPENDENTE (NUM_TESSERINO,CF_DIP)
VALUES ('8794731513','MORGIU80T29T653W');
INSERT INTO DIPENDENTE (NUM_TESSERINO,CF_DIP)
VALUES ('5183263217','BIARAF65T19I265S');

INSERT INTO TURNI_PROGRAMMATI (DATA_TP, ORA_TP, NUM_TESSERINO)
VALUES (to_date('01-08-2019', 'dd-mm-yyyy'),'07:30','2639803714');
INSERT INTO TURNI_PROGRAMMATI (DATA_TP, ORA_TP, NUM_TESSERINO)
VALUES (to_date('01-08-2019', 'dd-mm-yyyy'),'12:00','5824389256');
INSERT INTO TURNI_PROGRAMMATI (DATA_TP, ORA_TP, NUM_TESSERINO)
VALUES (to_date('01-08-2019', 'dd-mm-yyyy'),'16:30','1429821724');
INSERT INTO TURNI_PROGRAMMATI (DATA_TP, ORA_TP, NUM_TESSERINO)
VALUES (to_date('02-08-2019', 'dd-mm-yyyy'),'07:30','2871982778');
INSERT INTO TURNI_PROGRAMMATI (DATA_TP, ORA_TP, NUM_TESSERINO)
VALUES (to_date('02-08-2019', 'dd-mm-yyyy'),'12:00','9428483596');
INSERT INTO TURNI_PROGRAMMATI (DATA_TP, ORA_TP, NUM_TESSERINO)
VALUES (to_date('02-08-2019', 'dd-mm-yyyy'),'16:30','9812741586');
INSERT INTO TURNI_PROGRAMMATI (DATA_TP, ORA_TP, NUM_TESSERINO)
VALUES (to_date('05-08-2019', 'dd-mm-yyyy'),'07:30','8917935379');
INSERT INTO TURNI_PROGRAMMATI (DATA_TP, ORA_TP, NUM_TESSERINO)
VALUES (to_date('05-08-2019', 'dd-mm-yyyy'),'12:00','6451858361');
INSERT INTO TURNI_PROGRAMMATI (DATA_TP, ORA_TP, NUM_TESSERINO)
VALUES (to_date('05-08-2019', 'dd-mm-yyyy'),'16:30','6667948233');
INSERT INTO TURNI_PROGRAMMATI (DATA_TP, ORA_TP, NUM_TESSERINO)
VALUES (to_date('06-08-2019', 'dd-mm-yyyy'),'07:30','9734845762');
INSERT INTO TURNI_PROGRAMMATI (DATA_TP, ORA_TP, NUM_TESSERINO)
VALUES (to_date('06-08-2019', 'dd-mm-yyyy'),'12:00','7718924985');
INSERT INTO TURNI_PROGRAMMATI (DATA_TP, ORA_TP, NUM_TESSERINO)
VALUES (to_date('06-08-2019', 'dd-mm-yyyy'),'16:30','8181840765');
INSERT INTO TURNI_PROGRAMMATI (DATA_TP, ORA_TP, NUM_TESSERINO)
VALUES (to_date('07-08-2019', 'dd-mm-yyyy'),'07:30','8251561726');
INSERT INTO TURNI_PROGRAMMATI (DATA_TP, ORA_TP, NUM_TESSERINO)
VALUES (to_date('07-08-2019', 'dd-mm-yyyy'),'12:00','8794731513');
INSERT INTO TURNI_PROGRAMMATI (DATA_TP, ORA_TP, NUM_TESSERINO)
VALUES (to_date('07-08-2019', 'dd-mm-yyyy'),'16:30','5183263217');

INSERT INTO TURNI_EFFETTUATI (DATA_TE, ORA_TE, NUM_TESSERINO)
VALUES (to_date('01-05-2018', 'dd-mm-yyyy'),'07:30','2639803714');
INSERT INTO TURNI_EFFETTUATI (DATA_TE, ORA_TE, NUM_TESSERINO)
VALUES (to_date('01-05-2018', 'dd-mm-yyyy'),'12:00','5824389256');
INSERT INTO TURNI_EFFETTUATI (DATA_TE, ORA_TE, NUM_TESSERINO)
VALUES (to_date('01-05-2018', 'dd-mm-yyyy'),'16:30','1429821724');
INSERT INTO TURNI_EFFETTUATI (DATA_TE, ORA_TE, NUM_TESSERINO)
VALUES (to_date('02-05-2018', 'dd-mm-yyyy'),'07:30','2871982778');
INSERT INTO TURNI_EFFETTUATI (DATA_TE, ORA_TE, NUM_TESSERINO)
VALUES (to_date('02-05-2018', 'dd-mm-yyyy'),'12:00','9428483596');
INSERT INTO TURNI_EFFETTUATI (DATA_TE, ORA_TE, NUM_TESSERINO)
VALUES (to_date('02-05-2018', 'dd-mm-yyyy'),'16:30','9812741586');
INSERT INTO TURNI_EFFETTUATI (DATA_TE, ORA_TE, NUM_TESSERINO)
VALUES (to_date('03-05-2018', 'dd-mm-yyyy'),'07:30','8917935379');
INSERT INTO TURNI_EFFETTUATI (DATA_TE, ORA_TE, NUM_TESSERINO)
VALUES (to_date('03-05-2018', 'dd-mm-yyyy'),'12:00','6451858361');
INSERT INTO TURNI_EFFETTUATI (DATA_TE, ORA_TE, NUM_TESSERINO)
VALUES (to_date('03-05-2018', 'dd-mm-yyyy'),'16:30','6667948233');
INSERT INTO TURNI_EFFETTUATI (DATA_TE, ORA_TE, NUM_TESSERINO)
VALUES (to_date('04-05-2018', 'dd-mm-yyyy'),'07:30','9734845762');
INSERT INTO TURNI_EFFETTUATI (DATA_TE, ORA_TE, NUM_TESSERINO)
VALUES (to_date('04-05-2018', 'dd-mm-yyyy'),'12:00','7718924985');
INSERT INTO TURNI_EFFETTUATI (DATA_TE, ORA_TE, NUM_TESSERINO)
VALUES (to_date('04-05-2018', 'dd-mm-yyyy'),'16:30','8181840765');
INSERT INTO TURNI_EFFETTUATI (DATA_TE, ORA_TE, NUM_TESSERINO)
VALUES (to_date('05-05-2018', 'dd-mm-yyyy'),'07:30','8251561726');
INSERT INTO TURNI_EFFETTUATI (DATA_TE, ORA_TE, NUM_TESSERINO)
VALUES (to_date('05-05-2018', 'dd-mm-yyyy'),'12:00','8794731513');
INSERT INTO TURNI_EFFETTUATI (DATA_TE, ORA_TE, NUM_TESSERINO)
VALUES (to_date('05-05-2018', 'dd-mm-yyyy'),'16:30','5183263217');

INSERT INTO VENDITA (NUM_PROG,DATA_V,ORA_V,IMPORTO,NUM_TESSERINO)
VALUES ('1696340608',to_date('07-03-2015', 'dd-mm-yyyy'),'07:11',8763.77,'2639803714');
INSERT INTO VENDITA (NUM_PROG,DATA_V,ORA_V,IMPORTO,NUM_TESSERINO)
VALUES ('6765345285',to_date('13-11-2018', 'dd-mm-yyyy'),'17:19',5480.24,'5824389256');
INSERT INTO VENDITA (NUM_PROG,DATA_V,ORA_V,IMPORTO,NUM_TESSERINO)
VALUES ('4040147070',to_date('13-05-2018', 'dd-mm-yyyy'),'22:52',8694.07,'1429821724');
INSERT INTO VENDITA (NUM_PROG,DATA_V,ORA_V,IMPORTO,NUM_TESSERINO)
VALUES ('5591293799',to_date('09-05-2018', 'dd-mm-yyyy'),'14:17',866.6,'2871982778');
INSERT INTO VENDITA (NUM_PROG,DATA_V,ORA_V,IMPORTO,NUM_TESSERINO)
VALUES ('3065545029',to_date('24-10-2016', 'dd-mm-yyyy'),'17:07',7661.13,'9428483596');
INSERT INTO VENDITA (NUM_PROG,DATA_V,ORA_V,IMPORTO,NUM_TESSERINO)
VALUES ('9818336502',to_date('19-04-2016', 'dd-mm-yyyy'),'07:25',8359.09,'9812741586');
INSERT INTO VENDITA (NUM_PROG,DATA_V,ORA_V,IMPORTO,NUM_TESSERINO)
VALUES ('2227734239',to_date('02-07-2015', 'dd-mm-yyyy'),'19:30',3059.4,'8917935379');
INSERT INTO VENDITA (NUM_PROG,DATA_V,ORA_V,IMPORTO,NUM_TESSERINO)
VALUES ('9769419436',to_date('27-12-2018', 'dd-mm-yyyy'),'22:27',5680.88,'6451858361');
INSERT INTO VENDITA (NUM_PROG,DATA_V,ORA_V,IMPORTO,NUM_TESSERINO)
VALUES ('9681566142',to_date('16-12-2016', 'dd-mm-yyyy'),'19:46',9730.24,'6667948233');
INSERT INTO VENDITA (NUM_PROG,DATA_V,ORA_V,IMPORTO,NUM_TESSERINO)
VALUES ('3386577707',to_date('07-11-2017', 'dd-mm-yyyy'),'18:25',7935.42,'9734845762');
INSERT INTO VENDITA (NUM_PROG,DATA_V,ORA_V,IMPORTO,NUM_TESSERINO)
VALUES ('1306274514',to_date('01-09-2016', 'dd-mm-yyyy'),'14:52',1662.47,'7718924985');
INSERT INTO VENDITA (NUM_PROG,DATA_V,ORA_V,IMPORTO,NUM_TESSERINO)
VALUES ('9053299330',to_date('30-06-2015', 'dd-mm-yyyy'),'17:14',5771.86,'8181840765');
INSERT INTO VENDITA (NUM_PROG,DATA_V,ORA_V,IMPORTO,NUM_TESSERINO)
VALUES ('7466452203',to_date('08-03-2018', 'dd-mm-yyyy'),'08:46',4742.81,'8251561726');
INSERT INTO VENDITA (NUM_PROG,DATA_V,ORA_V,IMPORTO,NUM_TESSERINO)
VALUES ('8331237464',to_date('14-07-2018', 'dd-mm-yyyy'),'14:21',5443.62,'8794731513');
INSERT INTO VENDITA (NUM_PROG,DATA_V,ORA_V,IMPORTO,NUM_TESSERINO)
VALUES ('8403238592',to_date('26-02-2017', 'dd-mm-yyyy'),'17:27',5450.04,'5183263217');

INSERT INTO FORNITURA (COD_FORNITURA,DATA_SPEDIZIONE,PREZZO_LOTTO,P_IVA_FORN)
VALUES ('5662573694',to_date('30-01-2016', 'dd-mm-yyyy'),7508.24,'69665439431');
INSERT INTO FORNITURA (COD_FORNITURA,DATA_SPEDIZIONE,PREZZO_LOTTO,P_IVA_FORN)
VALUES ('9162890873',to_date('07-04-2016', 'dd-mm-yyyy'),7319.49,'39455404049');
INSERT INTO FORNITURA (COD_FORNITURA,DATA_SPEDIZIONE,PREZZO_LOTTO,P_IVA_FORN)
VALUES ('6506466629',to_date('08-10-2015', 'dd-mm-yyyy'),3255.87,'53315073257');
INSERT INTO FORNITURA (COD_FORNITURA,DATA_SPEDIZIONE,PREZZO_LOTTO,P_IVA_FORN)
VALUES ('5660935906',to_date('30-04-2016', 'dd-mm-yyyy'),7739.32,'94101526909');
INSERT INTO FORNITURA (COD_FORNITURA,DATA_SPEDIZIONE,PREZZO_LOTTO,P_IVA_FORN)
VALUES ('7191382767',to_date('25-12-2018', 'dd-mm-yyyy'),2650.72,'25999205349');
INSERT INTO FORNITURA (COD_FORNITURA,DATA_SPEDIZIONE,PREZZO_LOTTO,P_IVA_FORN)
VALUES ('1844915426',to_date('11-05-2015', 'dd-mm-yyyy'),1188.04,'69582769765');
INSERT INTO FORNITURA (COD_FORNITURA,DATA_SPEDIZIONE,PREZZO_LOTTO,P_IVA_FORN)
VALUES ('5488406549',to_date('15-02-2016', 'dd-mm-yyyy'),6112.52,'39623242863');
INSERT INTO FORNITURA (COD_FORNITURA,DATA_SPEDIZIONE,PREZZO_LOTTO,P_IVA_FORN)
VALUES ('2267512314',to_date('04-06-2017', 'dd-mm-yyyy'),4159.25,'56144570972');
INSERT INTO FORNITURA (COD_FORNITURA,DATA_SPEDIZIONE,PREZZO_LOTTO,P_IVA_FORN)
VALUES ('5206724235',to_date('12-11-2015', 'dd-mm-yyyy'),5721.88,'82781601757');
INSERT INTO FORNITURA (COD_FORNITURA,DATA_SPEDIZIONE,PREZZO_LOTTO,P_IVA_FORN)
VALUES ('6961532467',to_date('06-07-2015', 'dd-mm-yyyy'),1404.05,'44719950183');
INSERT INTO FORNITURA (COD_FORNITURA,DATA_SPEDIZIONE,PREZZO_LOTTO,P_IVA_FORN)
VALUES ('4166985747',to_date('16-09-2018', 'dd-mm-yyyy'),8320.44,'95083982754');
INSERT INTO FORNITURA (COD_FORNITURA,DATA_SPEDIZIONE,PREZZO_LOTTO,P_IVA_FORN)
VALUES ('2768846164',to_date('22-02-2016', 'dd-mm-yyyy'),5895.63,'73686197765');
INSERT INTO FORNITURA (COD_FORNITURA,DATA_SPEDIZIONE,PREZZO_LOTTO,P_IVA_FORN)
VALUES ('1120004340',to_date('21-07-2018', 'dd-mm-yyyy'),2420.26,'88565704763');
INSERT INTO FORNITURA (COD_FORNITURA,DATA_SPEDIZIONE,PREZZO_LOTTO,P_IVA_FORN)
VALUES ('3532364741',to_date('17-10-2015', 'dd-mm-yyyy'),617.66,'96996627965');
INSERT INTO FORNITURA (COD_FORNITURA,DATA_SPEDIZIONE,PREZZO_LOTTO,P_IVA_FORN)
VALUES ('6102425013',to_date('15-11-2017', 'dd-mm-yyyy'),1363.12,'34126462298');

INSERT INTO EQUIPAGGIAMENTO (CODICE_PRODOTTO, CALIBRO, MARCA, COD_FORNITURA, NUM_PORTO_ARMI, NUM_PROG)
VALUES ('7739401479', 17, 'Beretta', '5662573694', '19521-W', '1696340608');
INSERT INTO EQUIPAGGIAMENTO (CODICE_PRODOTTO, CALIBRO, MARCA, COD_FORNITURA, NUM_PORTO_ARMI, NUM_PROG)
VALUES ('1715329276', 18, 'Pardini', '5662573694', '12471-U', '6765345285');
INSERT INTO EQUIPAGGIAMENTO (CODICE_PRODOTTO, CALIBRO, MARCA, COD_FORNITURA, NUM_PORTO_ARMI, NUM_PROG)
VALUES ('9238093512', 40, 'Franchi', '9162890873', '33733-T', '4040147070');
INSERT INTO EQUIPAGGIAMENTO (CODICE_PRODOTTO, CALIBRO, MARCA, COD_FORNITURA, NUM_PORTO_ARMI, NUM_PROG)
VALUES ('3590322081', 46, 'Jager', '9162890873', '79117-G', '5591293799');
INSERT INTO EQUIPAGGIAMENTO (CODICE_PRODOTTO, CALIBRO, MARCA, COD_FORNITURA, NUM_PORTO_ARMI, NUM_PROG)
VALUES ('7855368998', 32, 'Pardini', '6506466629', '93457-M', '3065545029');
INSERT INTO EQUIPAGGIAMENTO (CODICE_PRODOTTO, CALIBRO, MARCA, COD_FORNITURA, NUM_PORTO_ARMI, NUM_PROG)
VALUES ('9284770302', 32, 'Beretta', '6506466629', '41030-B', '9818336502');
INSERT INTO EQUIPAGGIAMENTO (CODICE_PRODOTTO, CALIBRO, MARCA, COD_FORNITURA, NUM_PORTO_ARMI, NUM_PROG)
VALUES ('8389711562', 23, 'Pardini', '5660935906', '81212-E', '2227734239');
INSERT INTO EQUIPAGGIAMENTO (CODICE_PRODOTTO, CALIBRO, MARCA, COD_FORNITURA, NUM_PORTO_ARMI, NUM_PROG)
VALUES ('1990504778', 53, 'Beretta', '5660935906', '47641-U', '9769419436');
INSERT INTO EQUIPAGGIAMENTO (CODICE_PRODOTTO, CALIBRO, MARCA, COD_FORNITURA, NUM_PORTO_ARMI, NUM_PROG)
VALUES ('3264539656', 23, 'Pardini', '7191382767', '53209-F', '9681566142');
INSERT INTO EQUIPAGGIAMENTO (CODICE_PRODOTTO, CALIBRO, MARCA, COD_FORNITURA, NUM_PORTO_ARMI, NUM_PROG)
VALUES ('9121061140', 48, 'Jager', '7191382767', '54840-I', '3386577707');
INSERT INTO EQUIPAGGIAMENTO (CODICE_PRODOTTO, CALIBRO, MARCA, COD_FORNITURA, NUM_PORTO_ARMI, NUM_PROG)
VALUES ('6042629638', 31, 'Franchi', '1844915426', '60030-I', '1306274514');
INSERT INTO EQUIPAGGIAMENTO (CODICE_PRODOTTO, CALIBRO, MARCA, COD_FORNITURA, NUM_PORTO_ARMI, NUM_PROG)
VALUES ('7576674534', 36, 'Pardini', '1844915426', '88074-V', '9053299330');
INSERT INTO EQUIPAGGIAMENTO (CODICE_PRODOTTO, CALIBRO, MARCA, COD_FORNITURA, NUM_PORTO_ARMI, NUM_PROG)
VALUES ('1429142705', 37, 'Pardini', '5488406549', '16122-V', '7466452203');
INSERT INTO EQUIPAGGIAMENTO (CODICE_PRODOTTO, CALIBRO, MARCA, COD_FORNITURA, NUM_PORTO_ARMI, NUM_PROG)
VALUES ('2392538214', 16, 'Franchi', '5488406549', '89697-V', '8331237464');
INSERT INTO EQUIPAGGIAMENTO (CODICE_PRODOTTO, CALIBRO, MARCA, COD_FORNITURA, NUM_PORTO_ARMI, NUM_PROG)
VALUES ('1239430275', 32, 'Fiocchi', '2267512314', '45579-X', '8403238592');
INSERT INTO EQUIPAGGIAMENTO (CODICE_PRODOTTO, CALIBRO, MARCA, COD_FORNITURA, NUM_PORTO_ARMI, NUM_PROG)
VALUES ('3911102128', 12, 'Beretta', '2267512314', '19521-W', '1696340608');
INSERT INTO EQUIPAGGIAMENTO (CODICE_PRODOTTO, CALIBRO, MARCA, COD_FORNITURA, NUM_PORTO_ARMI, NUM_PROG)
VALUES ('2966553033', 30, 'Jager', '5206724235', '12471-U', '6765345285');
INSERT INTO EQUIPAGGIAMENTO (CODICE_PRODOTTO, CALIBRO, MARCA, COD_FORNITURA, NUM_PORTO_ARMI, NUM_PROG)
VALUES ('2752669165', 50, 'Glock', '5206724235', '33733-T', '4040147070');
INSERT INTO EQUIPAGGIAMENTO (CODICE_PRODOTTO, CALIBRO, MARCA, COD_FORNITURA, NUM_PORTO_ARMI, NUM_PROG)
VALUES ('3226410233', 31, 'Fiocchi', '6961532467', '79117-G', '5591293799');
INSERT INTO EQUIPAGGIAMENTO (CODICE_PRODOTTO, CALIBRO, MARCA, COD_FORNITURA, NUM_PORTO_ARMI, NUM_PROG)
VALUES ('3264334584', 34, 'Glock', '6961532467', '93457-M', '3065545029');
INSERT INTO EQUIPAGGIAMENTO (CODICE_PRODOTTO, CALIBRO, MARCA, COD_FORNITURA, NUM_PORTO_ARMI, NUM_PROG)
VALUES ('7650749647', 27, 'Fiocchi', '4166985747', '41030-B', '9818336502');
INSERT INTO EQUIPAGGIAMENTO (CODICE_PRODOTTO, CALIBRO, MARCA, COD_FORNITURA, NUM_PORTO_ARMI, NUM_PROG)
VALUES ('8000144960', 32, 'Pardini', '4166985747', '81212-E', '2227734239');
INSERT INTO EQUIPAGGIAMENTO (CODICE_PRODOTTO, CALIBRO, MARCA, COD_FORNITURA, NUM_PORTO_ARMI, NUM_PROG)
VALUES ('1377961943', 51, 'Franchi', '2768846164', '47641-U', '9769419436');
INSERT INTO EQUIPAGGIAMENTO (CODICE_PRODOTTO, CALIBRO, MARCA, COD_FORNITURA, NUM_PORTO_ARMI, NUM_PROG)
VALUES ('2011054868', 54, 'Glock', '2768846164', '53209-F', '9681566142');
INSERT INTO EQUIPAGGIAMENTO (CODICE_PRODOTTO, CALIBRO, MARCA, COD_FORNITURA, NUM_PORTO_ARMI, NUM_PROG)
VALUES ('5287879538', 16, 'Jager', '1120004340', '54840-I', '3386577707');
INSERT INTO EQUIPAGGIAMENTO (CODICE_PRODOTTO, CALIBRO, MARCA, COD_FORNITURA, NUM_PORTO_ARMI, NUM_PROG)
VALUES ('8361461581', 16, 'Beretta', '1120004340', '60030-I', '1306274514');
INSERT INTO EQUIPAGGIAMENTO (CODICE_PRODOTTO, CALIBRO, MARCA, COD_FORNITURA, NUM_PORTO_ARMI, NUM_PROG)
VALUES ('9999017381', 29, 'Franchi', '3532364741', '88074-V', '9053299330');
INSERT INTO EQUIPAGGIAMENTO (CODICE_PRODOTTO, CALIBRO, MARCA, COD_FORNITURA, NUM_PORTO_ARMI, NUM_PROG)
VALUES ('3737694393', 44, 'Jager', '3532364741', '16122-V', '7466452203');
INSERT INTO EQUIPAGGIAMENTO (CODICE_PRODOTTO, CALIBRO, MARCA, COD_FORNITURA, NUM_PORTO_ARMI, NUM_PROG)
VALUES ('5556498453', 27, 'Jager', '6102425013', '89697-V', '8331237464');
INSERT INTO EQUIPAGGIAMENTO (CODICE_PRODOTTO, CALIBRO, MARCA, COD_FORNITURA, NUM_PORTO_ARMI, NUM_PROG)
VALUES ('5648643795', 58, 'Jager', '6102425013', '45579-X', '8403238592');

INSERT INTO ARMA (MATRICOLA,MODELLO,CODICE_PRODOTTO)
VALUES ('06YU9J3','Fucile di precisione','7739401479');
INSERT INTO ARMA (MATRICOLA,MODELLO,CODICE_PRODOTTO)
VALUES ('8XSLWGT','Sovrapposto','1715329276');
INSERT INTO ARMA (MATRICOLA,MODELLO,CODICE_PRODOTTO)
VALUES ('QN0C347','Pistola semiautomatica','9238093512');
INSERT INTO ARMA (MATRICOLA,MODELLO,CODICE_PRODOTTO)
VALUES ('EE6JVLN','Fucile automatico','3590322081');
INSERT INTO ARMA (MATRICOLA,MODELLO,CODICE_PRODOTTO)
VALUES ('DSZJYUN','Fucile automatico','7855368998');
INSERT INTO ARMA (MATRICOLA,MODELLO,CODICE_PRODOTTO)
VALUES ('D492ETH','Fucile da battaglia','9284770302');
INSERT INTO ARMA (MATRICOLA,MODELLO,CODICE_PRODOTTO)
VALUES ('35BUFWX','Sovrapposto','8389711562');
INSERT INTO ARMA (MATRICOLA,MODELLO,CODICE_PRODOTTO)
VALUES ('YO3DN3S','Fucile automatico','1990504778');
INSERT INTO ARMA (MATRICOLA,MODELLO,CODICE_PRODOTTO)
VALUES ('JEJ26SG','Mitragliatrice pesante','3264539656');
INSERT INTO ARMA (MATRICOLA,MODELLO,CODICE_PRODOTTO)
VALUES ('F4GPUVC','Pistola a tamburo','9121061140');
INSERT INTO ARMA (MATRICOLA,MODELLO,CODICE_PRODOTTO)
VALUES ('08EMWBD','Mitragliatrice leggera','6042629638');
INSERT INTO ARMA (MATRICOLA,MODELLO,CODICE_PRODOTTO)
VALUES ('NDXRA2A','Pistola a tamburo','7576674534');
INSERT INTO ARMA (MATRICOLA,MODELLO,CODICE_PRODOTTO)
VALUES ('UCE2BUD','Fucile a canne mozze','1429142705');
INSERT INTO ARMA (MATRICOLA,MODELLO,CODICE_PRODOTTO)
VALUES ('570KPJF','Fucile semiautomatico','2392538214');
INSERT INTO ARMA (MATRICOLA,MODELLO,CODICE_PRODOTTO)
VALUES ('JVA6SZR','Sovrapposto','1239430275');

INSERT INTO MUNIZIONI (NUM_LOTTO,CODICE_PRODOTTO)
VALUES ('6306096632','3911102128');
INSERT INTO MUNIZIONI (NUM_LOTTO,CODICE_PRODOTTO)
VALUES ('8032744355','2966553033');
INSERT INTO MUNIZIONI (NUM_LOTTO,CODICE_PRODOTTO)
VALUES ('1984117792','2752669165');
INSERT INTO MUNIZIONI (NUM_LOTTO,CODICE_PRODOTTO)
VALUES ('4409132419','3226410233');
INSERT INTO MUNIZIONI (NUM_LOTTO,CODICE_PRODOTTO)
VALUES ('5330618823','3264334584');
INSERT INTO MUNIZIONI (NUM_LOTTO,CODICE_PRODOTTO)
VALUES ('8069976187','7650749647');
INSERT INTO MUNIZIONI (NUM_LOTTO,CODICE_PRODOTTO)
VALUES ('5885299339','8000144960');
INSERT INTO MUNIZIONI (NUM_LOTTO,CODICE_PRODOTTO)
VALUES ('5130511010','1377961943');
INSERT INTO MUNIZIONI (NUM_LOTTO,CODICE_PRODOTTO)
VALUES ('1267510929','2011054868');
INSERT INTO MUNIZIONI (NUM_LOTTO,CODICE_PRODOTTO)
VALUES ('7751590120','5287879538');
INSERT INTO MUNIZIONI (NUM_LOTTO,CODICE_PRODOTTO)
VALUES ('1339535153','8361461581');
INSERT INTO MUNIZIONI (NUM_LOTTO,CODICE_PRODOTTO)
VALUES ('3869234763','9999017381');
INSERT INTO MUNIZIONI (NUM_LOTTO,CODICE_PRODOTTO)
VALUES ('6011300632','3737694393');
INSERT INTO MUNIZIONI (NUM_LOTTO,CODICE_PRODOTTO)
VALUES ('3190668688','5556498453');
INSERT INTO MUNIZIONI (NUM_LOTTO,CODICE_PRODOTTO)
VALUES ('3297911117','5648643795');

INSERT INTO DENUNCIA (CODICE_PROGRESSIVO,DATA_DENUNCIA,PEC,CF,CODICE_PRODOTTO)
VALUES ('8943019184',to_date('11-03-2017', 'dd-mm-yyyy'),'ammin.comm.maddaloni.ce@pecps.poliziadistato.it','GIOALE77T07H344S','7739401479');
INSERT INTO DENUNCIA (CODICE_PROGRESSIVO,DATA_DENUNCIA,PEC,CF,CODICE_PRODOTTO)
VALUES ('2214958917',to_date('30-01-2016', 'dd-mm-yyyy'),'ammin.comm.aversa.ce@pecps.poliziadistato.it','FERMAR75T10S438G','1715329276');
INSERT INTO DENUNCIA (CODICE_PROGRESSIVO,DATA_DENUNCIA,PEC,CF,CODICE_PRODOTTO)
VALUES ('8757748945',to_date('09-05-2018', 'dd-mm-yyyy'),'comm.arenella.na@pecps.poliziadistato.it','BIAALE47T17A287S','9238093512');
INSERT INTO DENUNCIA (CODICE_PROGRESSIVO,DATA_DENUNCIA,PEC,CF,CODICE_PRODOTTO)
VALUES ('6811018571',to_date('16-01-2018', 'dd-mm-yyyy'),'comm.montecalvario.na@pecps.poliziadistato.it','BRUDAR58T17J362B','3590322081');
INSERT INTO DENUNCIA (CODICE_PROGRESSIVO,DATA_DENUNCIA,PEC,CF,CODICE_PRODOTTO)
VALUES ('3785712882',to_date('21-11-2017', 'dd-mm-yyyy'),'comm.sangiuseppevesuviano.na@pecps.poliziadistato.it','COSRAF81T14Y275B','7855368998');
INSERT INTO DENUNCIA (CODICE_PROGRESSIVO,DATA_DENUNCIA,PEC,CF,CODICE_PRODOTTO)
VALUES ('2605014903',to_date('22-01-2018', 'dd-mm-yyyy'),'upgsp.sessaaurunca.ce@pecps.poliziadistato.it','FERRAF50T19N806L','9284770302');
INSERT INTO DENUNCIA (CODICE_PROGRESSIVO,DATA_DENUNCIA,PEC,CF,CODICE_PRODOTTO)
VALUES ('9986749054',to_date('22-10-2017', 'dd-mm-yyyy'),'upgsp.afragola.na@pecps.poliziadistato.it','COSRAF81T14Y275B','8389711562');
INSERT INTO DENUNCIA (CODICE_PROGRESSIVO,DATA_DENUNCIA,PEC,CF,CODICE_PRODOTTO)
VALUES ('1631011056',to_date('18-01-2017', 'dd-mm-yyyy'),'comm.smcapuavetere.ce@pecps.poliziadistato.it','MANDAV88T22X221W','1990504778');
INSERT INTO DENUNCIA (CODICE_PROGRESSIVO,DATA_DENUNCIA,PEC,CF,CODICE_PRODOTTO)
VALUES ('1604670790',to_date('25-05-2015', 'dd-mm-yyyy'),'comm.decumani.na@pecps.poliziadistato.it','GREMIC62T03W605M','3264539656');
INSERT INTO DENUNCIA (CODICE_PROGRESSIVO,DATA_DENUNCIA,PEC,CF,CODICE_PRODOTTO)
VALUES ('8300519443',to_date('25-03-2017', 'dd-mm-yyyy'),'comm.vomero.na@pecps.poliziadistato.it','COLMIC56T19G873R','9121061140');
INSERT INTO DENUNCIA (CODICE_PROGRESSIVO,DATA_DENUNCIA,PEC,CF,CODICE_PRODOTTO)
VALUES ('4240915793',to_date('15-08-2015', 'dd-mm-yyyy'),'upgsp.sessaaurunca.ce@pecps.poliziadistato.it','RIZDAR92T01I140W','6042629638');
INSERT INTO DENUNCIA (CODICE_PROGRESSIVO,DATA_DENUNCIA,PEC,CF,CODICE_PRODOTTO)
VALUES ('5565724125',to_date('06-05-2015', 'dd-mm-yyyy'),'comm.posillipo.na@pecps.poliziadistato.it','ESPMAT45T26X253G','7576674534');
INSERT INTO DENUNCIA (CODICE_PROGRESSIVO,DATA_DENUNCIA,PEC,CF,CODICE_PRODOTTO)
VALUES ('1655872731',to_date('05-04-2017', 'dd-mm-yyyy'),'upgsp.castelvolturno.ce@pecps.poliziadistato.it','RUSGIU96T11G789P','1429142705');
INSERT INTO DENUNCIA (CODICE_PROGRESSIVO,DATA_DENUNCIA,PEC,CF,CODICE_PRODOTTO)
VALUES ('1696274661',to_date('14-12-2016', 'dd-mm-yyyy'),'ammin.comm.chiaiano.na@pecps.poliziadistato.it','MORDAV84T13Y894D','2392538214');
INSERT INTO DENUNCIA (CODICE_PROGRESSIVO,DATA_DENUNCIA,PEC,CF,CODICE_PRODOTTO)
VALUES ('4819624287',to_date('09-10-2015', 'dd-mm-yyyy'),'comm.aversa.ce@pecps.poliziadistato.it','ESPANT98T27N910U','1239430275');

INSERT INTO CONTIENE (COD_FORNITURA, COD_BARRE_ACC)
VALUES ('5662573694','3871974424390');
INSERT INTO CONTIENE (COD_FORNITURA, COD_BARRE_ACC)
VALUES ('9162890873','6281751283501');
INSERT INTO CONTIENE (COD_FORNITURA, COD_BARRE_ACC)
VALUES ('6506466629','8154500912504');
INSERT INTO CONTIENE (COD_FORNITURA, COD_BARRE_ACC)
VALUES ('5660935906','4704886767070');
INSERT INTO CONTIENE (COD_FORNITURA, COD_BARRE_ACC)
VALUES ('7191382767','7710034336755');
INSERT INTO CONTIENE (COD_FORNITURA, COD_BARRE_ACC)
VALUES ('1844915426','6800699254231');
INSERT INTO CONTIENE (COD_FORNITURA, COD_BARRE_ACC)
VALUES ('5488406549','2423589099422');
INSERT INTO CONTIENE (COD_FORNITURA, COD_BARRE_ACC)
VALUES ('2267512314','1478303112111');
INSERT INTO CONTIENE (COD_FORNITURA, COD_BARRE_ACC)
VALUES ('5206724235','6854828297073');
INSERT INTO CONTIENE (COD_FORNITURA, COD_BARRE_ACC)
VALUES ('6961532467','8282825516261');
INSERT INTO CONTIENE (COD_FORNITURA, COD_BARRE_ACC)
VALUES ('4166985747','9685569424324');
INSERT INTO CONTIENE (COD_FORNITURA, COD_BARRE_ACC)
VALUES ('2768846164','7568065022093');
INSERT INTO CONTIENE (COD_FORNITURA, COD_BARRE_ACC)
VALUES ('1120004340','1489810280082');
INSERT INTO CONTIENE (COD_FORNITURA, COD_BARRE_ACC)
VALUES ('3532364741','8387227245007');
INSERT INTO CONTIENE (COD_FORNITURA, COD_BARRE_ACC)
VALUES ('6102425013','7709330155083');

INSERT INTO VENDUTO (CF_PERSONA, COD_BARRE_ACC)
VALUES ('GIOALE77T07H344S','3871974424390');
INSERT INTO VENDUTO (CF_PERSONA, COD_BARRE_ACC)
VALUES ('FERMAR75T10S438G','6281751283501');
INSERT INTO VENDUTO (CF_PERSONA, COD_BARRE_ACC)
VALUES ('BIAALE47T17A287S','8154500912504');
INSERT INTO VENDUTO (CF_PERSONA, COD_BARRE_ACC)
VALUES ('BRUDAR58T17J362B','4704886767070');
INSERT INTO VENDUTO (CF_PERSONA, COD_BARRE_ACC)
VALUES ('GREMIC62T03W605M','7710034336755');
INSERT INTO VENDUTO (CF_PERSONA, COD_BARRE_ACC)
VALUES ('COSRAF81T14Y275B','6800699254231');
INSERT INTO VENDUTO (CF_PERSONA, COD_BARRE_ACC)
VALUES ('MANGIO90T21O713H','2423589099422');
INSERT INTO VENDUTO (CF_PERSONA, COD_BARRE_ACC)
VALUES ('FERRAF50T19N806L','1478303112111');
INSERT INTO VENDUTO (CF_PERSONA, COD_BARRE_ACC)
VALUES ('COLMIC56T19G873R','6854828297073');
INSERT INTO VENDUTO (CF_PERSONA, COD_BARRE_ACC)
VALUES ('ESPMAT45T26X253G','8282825516261');
INSERT INTO VENDUTO (CF_PERSONA, COD_BARRE_ACC)
VALUES ('MANDAV88T22X221W','9685569424324');
INSERT INTO VENDUTO (CF_PERSONA, COD_BARRE_ACC)
VALUES ('RIZDAR92T01I140W','7568065022093');
INSERT INTO VENDUTO (CF_PERSONA, COD_BARRE_ACC)
VALUES ('ESPANT98T27N910U','1489810280082');
INSERT INTO VENDUTO (CF_PERSONA, COD_BARRE_ACC)
VALUES ('RUSGIU96T11G789P','8387227245007');
INSERT INTO VENDUTO (CF_PERSONA, COD_BARRE_ACC)
VALUES ('MORDAV84T13Y894D','7709330155083');

INSERT INTO COMPRENDE (NUM_PROG, COD_BARRE_ACC)
VALUES ('1696340608','3871974424390');
INSERT INTO COMPRENDE (NUM_PROG, COD_BARRE_ACC)
VALUES ('6765345285','6281751283501');
INSERT INTO COMPRENDE (NUM_PROG, COD_BARRE_ACC)
VALUES ('4040147070','8154500912504');
INSERT INTO COMPRENDE (NUM_PROG, COD_BARRE_ACC)
VALUES ('5591293799','4704886767070');
INSERT INTO COMPRENDE (NUM_PROG, COD_BARRE_ACC)
VALUES ('3065545029','7710034336755');
INSERT INTO COMPRENDE (NUM_PROG, COD_BARRE_ACC)
VALUES ('9818336502','6800699254231');
INSERT INTO COMPRENDE (NUM_PROG, COD_BARRE_ACC)
VALUES ('2227734239','2423589099422');
INSERT INTO COMPRENDE (NUM_PROG, COD_BARRE_ACC)
VALUES ('9769419436','1478303112111');
INSERT INTO COMPRENDE (NUM_PROG, COD_BARRE_ACC)
VALUES ('9681566142','6854828297073');
INSERT INTO COMPRENDE (NUM_PROG, COD_BARRE_ACC)
VALUES ('3386577707','8282825516261');
INSERT INTO COMPRENDE (NUM_PROG, COD_BARRE_ACC)
VALUES ('1306274514','9685569424324');
INSERT INTO COMPRENDE (NUM_PROG, COD_BARRE_ACC)
VALUES ('9053299330','7568065022093');
INSERT INTO COMPRENDE (NUM_PROG, COD_BARRE_ACC)
VALUES ('7466452203','1489810280082');
INSERT INTO COMPRENDE (NUM_PROG, COD_BARRE_ACC)
VALUES ('8331237464','8387227245007');
INSERT INTO COMPRENDE (NUM_PROG, COD_BARRE_ACC)
VALUES ('8403238592','7709330155083');